maori word,broader term
Ahaaha,Rākau ā Tū
Ahi kā,Mana whenua
Ahi kā,Tikanga
Ahi marae,Tikanga
Ahi tapu,Tikanga
Aho,Taputapu hī ika
Ahu māra,Ahu whenua
Ahu whenua,Ahumahi
Ahu whenua,Whenua
Āhua,Āhuahanga
Āhua-o-te-rangi,Taiao
Āhuahanga,Pāngarau
Āhuarangi,Taiao
Āhuatanga ōhanga,Ōhanga
Āhuatanga pāpori,Tāngata
Ahumahi,Ohaoha
Ahumahi (Hī ika),Ahumahi
Ahumahi (Hī ika),Hī ika
Ahumahi ngahere,Ahumahi
Ahumoana,Ahumahi (Hī ika)
Ahupūngao,Pūtaiao
Aitanga pepeke,Ngārara
Aituā,Tikanga tuku iho
Aituā (Taiao),Aituā
Aituā (Taiao),Taiao
Aka,Te Wao nui a Tāne
Aka kiore,Aka
Aka kura,Aka
Aka torotoro,Aka
Akakōpuka,Aka
Akakōpuka,Rākau whakauru
Akatea,Aka
Ākau pōhatuhatu,Takutai moana
Akeake,Rākau whakauru
Ako,Mōhiotanga
Ako-ā-matihiko,Ako
Ako-ā-rorohiko,Ako
Akonga,Ako
Ama,Waka
Amo,Whare whakairo
Amokura,Manu moana
Ana,Taiao
Anga,Māramatanga
Anga,Rangahau Māori
Angiangi,Pūkohu
Āniwaniwa,Āhua-o-te-rangi
Ao pāpāho,Pāpāho
Ao wairua,
Apakura,Mōteatea
Apārangi,Whetū kōkori
Āporo,Hua rākau
Ara kai,Tinana
Ārai,Mana whakairo hinengaro
Ārai i te ahi,Haumarutanga
Ārai kore,Tahumaero
Ārai whara,Mate
Ārai whatitata,Mahi whakahaere
Āraitanga,Ātea
Aratohu mā te pouako,Kaiako
Aratohu mā te pouako,Taputapu
Ariā whakaako,Ako
Ariki,Tāngata whenua
Ariki tamaroa,Ariki
Ariki tapairu,Ariki
Arokehe,Tuna
Aromatawai ā-paerewa,Ako
Aronganui,Ira
Aronganui,Ora
Arorangi-iti,Whetū kōkori
Atamira,Mahi ā Rēhia
Atamira,Tangihanga
Atawhai,Whanaungatanga
Ātea,Taiao
Atua,
Aua,Ika o ngā ngutu awa
Auahi-turoa,Whānau mārama
Aukaha,Waka
Aukati,Tikanga
Aukati (Tōrangapū),Tōrangapū
Autahi,Whetū
Aute,Otaota
Aute tāranga,Mauwha
Awa,Wai
Awa kōpaka,Puna waimāori
Āwhā,Āhua-o-te-rangi
Āwhina ture,Ture
E mākū i te rangi,Tā moko (Tā ngira)
E mākū i te rangi,Tā moko (Uhi)
Eke hōiho,Haerenga
Eke hōiho,Hōiho
Eke ngaru,Hākinakina
Epa,Whare whakairo
Hā,Hauora wairua
Hāereere ana,Tākaro
Hāereere awa,Tākaro
Hāereere awa,Wai
Haerenga,Tāngata
Hahaupōro,Hākinakina
Hāhi Karaitiana,Whakapono
Hāhi Māori,Whakapono
Hahunga,Tikanga
Haka,Mahi ā Rēhia
Haka pōwhiri,Haka
Haka taparahi,Haka
Hākari,Pōwhiri
Hākari,Whakatau
Haki,Tuakiri
Hākinakina,Tākaro
Hākoakoa,Manu moana
Haku,Ika waitai
Hana Kōkō,Kirihimete
Hangarau,Pūtaiao
Hangarau kai,Hangarau
Hangarau kai,Kai
Hangarau mōhiohio,Hangarau
Hangarua,Whanake taiao
Hangehange,Mauwha
Hāngī,Tunu kai
Hapori,Tāngata
Hapori whānau,Hapori
Hapū,Iwi
Hapū (Wāhine),Wāhine
Hāpuku,Ika moana hōhonu
Hapūtanga,Pūtaiao
Hara,Tikanga tuku iho
Hara,Ture
Harakeke,Whara
Harikoa,Koa
Hariru,Pōwhiri
Hariru,Whakatau
Hau,Āhua-o-te-rangi
Hauā,Hauātanga
Hauātanga,Take hauora
Hauāuru,Hau
Hauhake,Ahu whenua
Hauhau,Taua
Haumaru ā-waka,Haumarutanga
Haumaru ā-waka (Waka ama),Haumaru ā-waka
Haumaru ahi,Haumarutanga
Haumaru huarahi,Haumarutanga
Haumaru wai,Haumarutanga
Haumarutanga,Hauora whānau
Haumarutanga ipurangi,Haumarutanga
Haumarutanga ipurangi,Ipurangi
Haumata,Toetoe
Haumātakataka,Aituā (Taiao)
Haumi,Waka
Haumie-Tiketike,Atua
Hauora,
Hauora ā-waha,Hauora tinana
Hauora hinengaro,Ora
Hauora taihemahema,Hauora whānau
Hauora tinana,Ora
Hauora wairua,Ora
Hauora whānau,Ora
Haupoi,Hākinakina
Haurangitanga,Kahungatanga
Hauraro,Hau
Hautipua kaitā,Tāngata
Hauwaho,Hau
Hawaiiki,Ao wairua
He Wakaputanga o te Rangatiratanga o Niu Tireni,Tōrangapū
Hei matau,Whakakai
Hei moenga,Whāriki
Hei taupoki mō te hāngi,Whāriki
Hei tiki,Whakakai
Heihei,Manu pāmu
Heke,Whare whakairo
Hekenga,Tāngata
Hekenga,Waka
Hekenga marangai,Ua
Herehere,Tāngata
Herepuru,Waka
Hī hākinakina,Hī ika
Hī hākinakina,Whaiwhai
Hī ika,Mahinga kai o te wai
Hieke,Pureke
Hihi,Manu ngahere
Hiko,Pūtaiao
Hikumutu,Wāhanga o te tau
Hikutoto,Taua
Hīmene,Whakapono
Hīnaki,Rama tuna
Hīnau,Rākau whakaruruhau
Hine-pūkohu-rangi,Atua
Hine-Raumati,Atua
Hine-Takurua,Atua
Hine-te-Uira,Atua
Hineahuone,Atua
Hinemoana,Atua
Hinengaro,Ao wairua
Hinengaro,Hauora hinengaro
Hinenuitepō,Atua
Hinepūtehue,Hineraukatauri
Hineraukatauri,Atua
Hinetītama,Atua
Hinewaimaru,Tā moko (Tā ngira)
Hinewaimaru,Tā moko (Uhi)
Hinu kai,Rokiroki kai
Hīoi,Otaota
Hipi,Kararehe whāngote
Hītokotoko,Tākaro
Hoahoa pūweru,Waka toi
Hoahoanga whare,Whare
Hōanga,Kōhatu
Hoe,Hākinakina
Hoe,Waka
Hoeroa,Rākau ā Tū
Hōia,Pakanga
Hōia,Toa
Hoiho,Manu moana
Hōiho,Kararehe whāngote
Hōkakatanga,Tāngata
Hokohoko,Tauhokohoko
Hokohoko whenua,Tauhokohoko
Hokohoko whenua,Whenua
Hongi,Pōwhiri
Hongi,Tikanga tuku iho
Hongi,Whakatau
Hongi kāpia,Rongoā whakairangi
Hope,Waiata ā ringa
Hopu reo,Reo Māori
Horoeka,Rākau whakaruruhau
Horokaka,Otaota
Horopito,Mauwha
Houhere,Rākau whakaruruhau
Houhere ongaonga,Rākau whakaruruhau
Houhi puruhi,Rākau whakaruruhau
Houpara,Rākau whakauru
Hua,Ahumahi
Hua manu,Kai
Hua rākau,Hua
Hua rākau,Kai
Hua whenua,Hua
Hua whenua,Kai
Huahou,Manu ki tātahi
Huahua,Rokiroki kai
Huaki,Kaitaka
Huangō,Tahumaero
Hue,Hua whenua
Hue,Otaota
Hue puruhau,Taonga pūoro
Hue puruwai,Taonga pūoro
Hui,Rōpū Māori
Hui-ā-iwi,Hui
Hui-ā-whānau,Hui
Hui taurima,Hui
Huia,Manu ngahere
Huia,Manu ngaro
Hukapapa,Āhua-o-te-rangi
Hukarere,Āhua-o-te-rangi
Huke,Ahumahi
Huke,Kohuke
Hunga mahi,Āhuatanga ōhanga
Hunga mahi toi,Mahi toi
Hūnuku,Hekenga
Hūpē,Tā moko (Tā ngira)
Hūpē,Tā moko (Uhi)
Hūrepo,Manu repo
Huringa āhuarangi,Āhuarangi
Hūruarangi,Hineraukatauri
Huruhuru whenua,Te Wao nui a Tāne
Ihe,Ika waitai
Ika,Pūtaiao
Ika moana,Ika
Ika moana,Ngā uri o Tangaroa
Ika moana hōhonu,Ika
Ika o ngā ngutu awa,Ika
Ika waimāori,Ika
Ika waitai,Ika
Īnanga,Ika o ngā ngutu awa
Īnanga,Ika waimāori
Inenga,Pūtaiao
Ingarihi,Tauiwi
Ingoa,Tuakiri
Inoi,Whakapono
Io,Atua
Ipurangi,Hangarau mōhiohio
Ira,Tāngata
Ira atua,Tā moko (Tā ngira)
Ira atua,Tā moko (Uhi)
Ira tāne,Ira
Ira tangata,Ira
Ira tangata (Tā moko),Tā moko (Tā ngira)
Ira tangata (Tā moko),Tā moko (Uhi)
Ira wahine,Ira
Iwi,Waka (Whakapapa)
Iwi,Whanaungatanga
Iwi taketake,Iwi
Iwihono,Tā moko (Tā ngira)
Iwihono,Tā moko (Uhi)
Kahakaha,Otaota hāwere
Kahakaha,Whara
Kaharoa,Kupenga
Kahawai,Ika waitai
Kāhawai,Manu ki tātahi
Kahikatea,Rākau whakakake
Kaho,Whare whakairo
Kāhu,Manu ngahere
Kahu huruhuru,Whatu kākahu
Kahu kiwi,Kahu huruhuru
Kahu kuri,Whatu kākahu
Kāhui o Mahutonga,Tātai whetū
Kahukura,Whatu kākahu
Kahungatanga,Mate rerekē
Kahutoi,Pureke
Kai,Pūtaiao
Kai paipa,Kahungatanga
Kai tōtika,Hauora tinana
Kai whakamara,Tunu kai
Kaiahi,Waka
Kaiako,Ako
Kaiako,Waihanga
Kaiārahi,Ahumahi
Kaiārahi,Tāpoi
Kaihoahoa whare,Whare
Kāika nohoaka,Mana whenua
Kaikawe kōrero,Kaipāho
Kaikawe kōrero,Kawe kōrero
Kaikōmako,Rākau whakaruruhau
Kaikuti hipi,Ahu whenua
Kaimahi (Ora),Hauora
Kaimoana,Kai
Kaioraora,
Kaipāho,Pāpāho
Kaipeita,Hunga mahi toi
Kaitaka,Whatu kākahu
Kaitaka paepaeroa,Kaitaka
Kaitākaro whutupōro,Whutupōro
Kaitangata,Ritenga
Kaitangata,Tāngata
Kaitiaki (Whenua),Kaitiakitanga
Kaitiaki (Whenua),Mana whakahaere
Kaitiakitanga,Tikanga tuku iho
Kaitito waiata,Hunga mahi toi
Kaitito waiata,Waiata
Kaitohutohu,Hākinakina
Kaitōrangapū,Kāwanatanga
Kaitūao,Mahi tūao
Kaituhi,Hunga mahi toi
Kaiuru,Taumāhekeheke
Kaiwaiata,Hunga mahi toi
Kaiwaiata,Kaiwhakangahau
Kaiwaiata,Waiata
Kaiwawao,Rōia
Kaiwhakaari,Hunga mahi toi
Kaiwhakaari,Kaiwhakangahau
Kaiwhakangahau,Hunga mahi toi
Kaiwhakangahau,Tāngata
Kaiwhakataetae,Whakataetae
Kaiwhakatangi,Hunga mahi toi
Kaiwhiu,Rōia
Kākā,Manu ngahere
Kākā pōria,Whakakai
Kākahi,Ngā uri o Tangaroa
Kākaho,Toetoe hūnangāmoho
Kākahu,Raranga
Kākahu,Whatu
Kākāpō,Manu ngahere
Kākari,Pakanga
Kākāriki,Manu ngahere
Kakī,Manu waimāori
Kāmahi,Rākau whakaruruhau
Kamupene whakanao taputapu,Hua
Kanae,Ika o ngā ngutu awa
Kanga,Kōrero
Kānga,Hua whenua
Kanikani,Waka toi
Kanohi,Tinana
Kānuka,Rākau whakaruruhau
Kaokao,Tukutuku
Kapa haka,Waka toi
Kapa haka whakataetae a motu,Kapa haka
Kapa haka whakataetae a motu,Whakataetae
Kapa haka whakataetae a rohe,Kapa haka
Kapa haka whakataetae a rohe,Whakataetae
Kapeu,Whakakai
Kāpō,Hauātanga
Kapokapowai,Aitanga pepeke
Kaponga,Rākau whakaruruhau
Kapua,Āhua-o-te-rangi
Karahipi,Pūtea
Kāraho,Waka
Karaka,Hua rākau
Karaka,Rākau whakaruruhau
Karakia,Reo Māori
Karamū,Mauwha
Karamuramu,Hua rākau
Karanga,Pōwhiri
Karanga kai,Karanga
Karanga manu,Taonga pūoro
Karanga weka,Taonga pūoro
Karapu,Rōpū Māori
Karapu whutupōro,Karapu
Kararehe,Pūtaiao
Kararehe whāngote,Kararehe
Karawaka,Tahumaero
Kareao,Aka
Kārearea,Manu ngahere
Kāremu,Waka
Karengo,Rimutai
Karepō,Rimutai
Kāretu,Pātītī
Kāri poutāpeta,Whakaahua
Karoro,Manu ki tātahi
Katipō,Pungāwerewere
Kau,Kararehe whāngote
Kauhoe,Hākinakina
Kaumātua,Whānau
Kaunaroa,Waka
Kaupapa,Mana whakahaere
Kaupapa rangahau,Kaupapa
Kaupapa rangahau,Rangahau
Kaupapa whakaaro,Mana whakahaere
Kauri,Rākau whakakake
Kaute,Pāngarau
Kauti,Tahumaero
Kauwae,Tā moko (Tā ngira)
Kauwae,Tā moko (Uhi)
Kawa,Tikanga tuku iho
Kawa whakaruruhau,Noho-ā-iwi
Kawaka,Rākau whakakake
Kawakawa,Mauwha
Kāwanatanga,Tōrangapū
Kawau,Manu ki tātahi
Kawe kōrero,Pūrongorongo
Kawe mate,Waka tūpāpaku
Kāwenata Hou,Paipera Tapu
Kāwenata Tawhito,Paipera Tapu
Kāwhe,Kararehe whāngote
Kea,Manu ngahere
Kēhua,Ao wairua
Keiwaitahi,Tā moko (Tā ngira)
Keiwaitahi,Tā moko (Uhi)
Keke,Tunu kai
Kekeno,Kararehe whāngote
Kēnge,Tokomatua
Kerēme (Tiriti o Waitangi),Tiriti o Waitangi
Kererū,Manu ngahere
Keretū,Waka
Kete,Raranga kete
Kete kawe pēpi,Kete
Kete kawe taputapu,Kete
Kete kohi kai,Kete
Kete kohi kai moana,Kete
Kete kūmara,Kete
Kī-ō-Rahi,Hākinakina
Ki te kawa tūpāpaku,Tangihanga
Ki te kawe kai,Whāriki
Kiekie,Aka
Kihikihi,Aitanga pepeke
Kina,Ngā uri o Tangaroa
Kīnaki,Kai
Kīngitanga,Tōrangapū
Kinikini,Korowai
Kiokio,Huruhuru whenua
Kiore,Kararehe whāngote
Kīrehu,Kōrero
Kiriata,Pāpāho
Kirihimete,Hāhi Karaitiana
Kiripaka,Kōhatu
Kitemaimanu,Tā moko (Tā ngira)
Kitemaimanu,Tā moko (Uhi)
Kīwaha,Kōrero
Kiwi,Manu ngahere
Kō,Taputapu ahu whenua
Koa,Aronganui
Kōanga,Wāhanga o te tau
Kōareare,Hua whenua
Kōareare,Raupō
Koati,Kararehe whāngote
Kōauau,Taonga pūoro
Kōauau ponga ihu,Taonga pūoro
Koekoeā,Manu ngahere
Koha,Pōwhiri
Kōhanga reo,Waihanga
Kōhatu,Pūtaiao
Kohekohe,Rākau whakauru
Kohere,Ariki
Kohuke,Toka-ā-nuku
Kōhungahunga,Whānau
Kōhurutanga,Hara
Koikoi,Rākau ā Tū
Koiora,Pūtaiao
Koitareke,Manu repo
Kōiwi tangata,Tangihanga
Kōiwi tangata,Tinana
Kōiwi tōroa,Taonga pūoro
Kōkako,Manu ngahere
Kōkōmuka tāranga,Mauwha
Kokongapere,Tā moko (Tā ngira)
Kokongapere,Tā moko (Uhi)
Kōmihana a te Karauna,Ture o te Kāwanatanga
Kōnini,Hua rākau
Kōnini,Kōtukutuku
Kōpae hikohiko,Taputapu
Kopaiti,Whare whakairo
Kōpakopako,Tuna
Kōpatapata,Ua
Kōpū (Whetū kōkiri),Whetū kōkori
Kōpū pukupuku,Mate pukupuku
Kōpukupuku,Tahumaero
Koremahi,Āhuatanga ōhanga
Koremahi,Āhuatanga pāpori
Korepa,Rākau ā Tū
Kōrero,Reo Māori
Kōrero-ā-iwi,Hui-ā-iwi
Kōrero-a-rīnga,Kōrero
Kōrero nehe,Kōrero
Kōrero paki,Kōrero
Kōrero paki mā ngā tamariki,Tuhinga kōrero
Kōrero paki mā te hunga taiohi,Tuhinga kōrero
Kōrero pono mā te hunga taiohi,Tuhinga kōrero
Kōrero pono mā te pakeke,Tuhinga kōrero
Kōrero pono mā te tamariki,Tuhinga kōrero
Kōrero pukapuka,Kōrero
Kōrero taumata,Tuhinga kōrero
Kōrero tautoko,Kōrero
Kōreti,Waka
Korikori tinana,Hauora tinana
Korimako,Manu ngahere
Koroaha,Tā moko (Tā ngira)
Koroaha,Tā moko (Uhi)
Koroī,Hua rākau
Koroī,Kahikatea
Korokio tāranga,Mauwha
Korokoropounamu,Ika moana
Koromiko,Mauwha
Koropepe,Whakakai
Koropungapunga,Kōhatu
Kororā,Manu moana
Koroua,Kaumātua
Korowai,Whatu kākahu
Korowhāwhā,Ika moana
Koru,Otaota
Korupe,Whare whakairo
Kōrure,Manu moana
Koruru,Whare whakairo
Kōtaha,Rākau ā Tū
Kōtahitanga,Tōrangapū
Kōtare,Manu ki tātahi
Kōtare,Manu waimāori
Kōtātā,Manu repo
Kotiate,Rākau ā Tū
Kōtiro,Tāngata
Kōtuku,Manu waimāori
Kōtuku ngutupapa,Manu waimāori
Kōtukutuku,Rākau whakauru
Kounga o te wai,Taiao
Kounga o te wai,Wai
Kōura,Ngā uri o Tangaroa
Kōura mara,Kai whakamara
Kōwaowao,Huruhuru whenua
Kōwhai ngutukākā,Mauwha
Kōwhai raunui,Rākau whakauru
Kōwhai rauriki,Rākau whakauru
Kōwhaiwhai,Toi Māori
Kōwhangatara,Pātītī
Kōwharawhara,Whara
Kōwhiringa Māori,Kōwhiringa pōti
Kōwhiringa pōti,Kāwanatanga
Kū,Taonga pūoro
Kūaka,Manu ki tātahi
Kuia,Kaumātua
Kūkuruatu,Manu ki tātahi
Kūmara,Aka
Kūmara,Hua whenua
Kūmara,Pūtake
Kūmarahou,Mauwha
Kupae,Ika moana
Kūpapa,Taua
Kupenga,Taputapu hī ika
Kupu whakaari,Tohunga matakite
Kupu whakaari,Whakatauākī
Kupu whakarite,Kōrero
Kura kaupapa Māori,Waihanga
Kura pūhou,Waihanga
Kura tuarua,Waihanga
Kura tuatahi,Waihanga
Kura tuatoru,Waihanga
Kurī,Mōkai
Kuru pounamu,Whakakai
Kuruwhengi,Manu waimāori
Kuta,Otaota waimāori
Kuta,Whara
Kuti hipi,Ahu whenua
Kutu,Aitanga pepeke
Maehe,Taputapu hī ika
Māhaki,Hinengaro
Mahau,Whare whakairo
Mahere,Pūtaiao
Mahere moana,Mahere
Mahere whenua,Mahere
Mahere whetū,Mahere
Mahi ā Rēhia,Mahi toi
Mahi hokohoko,Hokohoko
Mahi kaute,Umanga
Mahi tapuhi,Ora
Mahi toi,
Mahi tūao,Āhuatanga pāpori
Mahi tūtei,Pūnaha ture taihara
Mahi whakaauraki,Pūnaha ture taihara
Mahi whakahaere,Umanga
Mahi whakatuatea,Pakanga
Mahinga ika tūturu,Hī ika
Mahinga kai o te wai,Awa
Mahinga kai o te wai,Moana
Mahinga kai o te wai,Roto
Mahinga kai o te whenua,Whenua
Māhoe,Rākau whakauru
Māhoe wao,Rākau whakauru
Mahuika,Atua
Maihi,Whare whakairo
Māika,Whara
Maimai aroha,Matenga
Maimai aroha,Pūrongorongo
Maire hau,Mauwha
Maire raunui,Rākau whakakake
Maire rauriki,Rākau whakaruruhau
Maire rōroro,Rākau whakaruruhau
Maire taiki,Rākau whakaruruhau
Maire tawake,Rākau whakaruruhau
Maita,Hākinakina
Mākaka,Mauwha
Makawe,Tinana
Makohekohe,Kōhatu
Mākutu,Tikanga tuku iho
Māmā,Whānau
Mamaku,Hua rākau
Mamaku,Rākau whakaruruhau
Māmāngi,Rākau whakauru
Mana,Tikanga tuku iho
Mana ake,Hauora wairua
Mana atua,Mana
Mana motuhake,Kōtahitanga
Mana motuhake,Mana
Mana o te wai,Kaitiakitanga
Mana tāne,Mana
Mana tangata,Mana
Mana tiaki tamariki,Ture whānau
Mana tūpuna,Mana
Mana wahine,Mana
Mana whakahaere,Mana
Mana whakairo hinengaro,Mana
Mana whenua,Mana
Mana whenua,Tāngata whenua
Mana whenua,Tikanga tuku iho
Manaaki tangata,Hauora hinengaro
Manaaki tangata,Hauora wairua
Manaakitanga,Tikanga tuku iho
Manaia,Whakakai
Mānatunatu,Aronganui
Mānawa,Rākau whakauru
Manawawera,Haka
Manehurangi,Pūkohu
Manga,Wai
Mangā,Ika moana
Māngai,Mana tangata
Mangaroa,Tukutuku
Mangeao,Rākau whakaruruhau
Mangemange,Aka
Mangōroa,Tātai whetū
Mangōroa,Whānau mārama
Mānihi,Otaota waimāori
Manoao,Rākau whakakake
Manu,Pūtaiao
Manu (Whakaraka),Whakaraka
Manu aute,Manu (Whakaraka)
Manu ki tātahi,Manu
Manu moana,Manu
Manu ngahere,Manu
Manu ngaro,Manu
Manu pāmu,Manu
Manu pango,Manu ngahere
Manu repo,Manu
Manu tukutuku,Manu (Whakaraka)
Manu waimāori,Manu
Manuhiri,Tāngata
Mānuka,Mauwha
Māoritanga,Tuakiri
Māpere,Toetoe
Māra,Ahu māra
Marae,Papakāinga
Marakihau,Whakairo
Marama,Whānau mārama
Maramataka,Ahu whenua
Māramatanga,Mātauranga
Marangai,Āhua-o-te-rangi
Marau,Tā moko (Tā ngira)
Marau,Tā moko (Uhi)
Marau-ā-iwi,Pūtaiao
Maremare,Tahumaero
Mārenatanga,Taihemahema
Mārenatanga,Whakapapa
Maro,Raranga
Maro huka,Maro
Maro kaukau,Maro
Maro kōpua,Maro
Maro tūhou,Maro
Maro whaiapu,Maro
Maroro,Ika moana
Matā,Kōhatu
Mata (Karakia),Karakia
Matā kautete,Rākau ā Tū
Mataī,Rākau whakakake
Mātaitai,Mahinga ika tūturu
Mātaitai,Taunga ika
Matakite,Ao wairua
Matakōkiri,Whānau mārama
Mataku,Wehi
Matamoe,Tuna
Matapaheru,Tohunga
Matapihi,Whare whakairo
Mātāpuna,Puna waimāori
Mātāpunenga,Tuhinga kōrero
Matareo,Ako
Matareo,Reo Māori
Matariki,Tātai whetū
Matatika,Tikanga
Matau,Taputapu hī ika
Mātauranga,
Mātauranga hapori,Hapori
Mātauranga haratūtanga,Pūtaiao
Mātauranga hauora kararehe,Pūtaiao
Mātauranga huaota,Pūtaiao
Mātauranga kararehe,Pūtaiao
Mātauranga koiora,Koiora
Mātauranga mahere whenua,Mahere whenua
Mātauranga mate hinengaro,Pūtaiao
Mātauranga matū,Ō kawekawe
Mātauranga matū,Pūtaiao
Mātauranga tāhuhu tonu,Mātauranga
Mātauranga taupuhi kaiao,Pūtaiao
Mātauranga taupuhi kaiao wai,Mātauranga taupuhi kaiao
Mātauranga tikanga tāngata,Pūtaiao
Mātauranga tikanga tāngata,Tāngata
Mātauranga tōrangapū,Pūtaiao
Mātauranga waka tuarangi,Pūtaiao
Mātauranga wetereo,Wetereo
Mātauranga whakahua,Mātauranga wetereo
Matawhero,Whetū kōkori
Mate,Hauora
Mate atewharowharo pukupuku,Mate pukupuku
Mate huka,Tahumaero
Mate ketoketo,Tahumaero
Mate kiri pukupuku,Mate pukupuku
Mate kohi,Tahumaero
Mate koroputaputa,Tahumaero
Mate manawa,Tahumaero
Mate Māori,Mate
Mate pukupuku,Tahumaero
Mate rerekē,Mate
Mate tūtohu,Take hauora
Mate ū,Mate pukupuku
Mate urutā,Tahumaero
Mate wareware,Tahumaero
Mate whakamomori,Mate rerekē
Mate whēkau pukupuku,Mate pukupuku
Matenga,Ao wairua
Mātihetihe,Pātītī
Matira,Taputapu hī ika
Mātua,Whānau
Mātuhituhi,Manu ngahere
Matuku moana,Manu ki tātahi
Matuku roimata,Mauwha
Matuku tai,Manu ki tātahi
Mau koikoi,Mau rākau
Mau patu,Mau rākau
Mau pouwhenua,Mau rākau
Mau rākau,Mahi ā Rēhia
Mau rākau,Rākau ā Tū
Mau rākau,Whakairo
Mau taiaha,Mau rākau
Mau tewhatawha,Mau rākau
Mauhere,Whare herehere
Māui,Atua
Maunga,Taiao
Mauri,Tikanga tuku iho
Mautohe,Mana motuhake
Mauwha,Te Wao nui a Tāne
Māwhitiwhiti,Aitanga pepeke
Mea tākaro,Tākaro
Mema Pāremata,Pāremata
Mere,Rākau ā Tū
Meremere,Whetū
Mīhana,Hāhi Karaitiana
Mihi,Whaikōrero
Mihi,Whakatau
Mihi whakatau,Mihi
Mihinare,Mīhana
Mihini ātea,Rorohiko tākaro
Mingimingi,Mauwha
Mirimiri,Hauora tinana
Miro,Hua rākau
Miro,Rākau whakakake
Miromiro,Manu ngahere
Moa,Manu ngaro
Moana,Pūtaiao
Moari,Mahi ā Rēhia
Moe,Hauora hinengaro
Moe,Hauora tinana
Moeanu,Ika moana
Moemoeā,Moe
Moheni,Pāpāho
Moheni,Tuhinga kōrero
Mohimohi,Ika moana
Mōhio ki te kōrero pukapuka,Kōrero pukapuka
Mōhio ki te tatau,Pāngarau
Mōhiotanga,Mātauranga
Mohua,Manu ngahere
Mōkai,Kararehe whāngote
Mōkai (Tikanga),Tāngata
Mōkai (Tikanga),Tikanga
Mōkai (Whanaungatanga),Whanaungatanga
Mōkihi,Waka
Mokimoki,Huruhuru whenua
Moko kauwae,Tā moko (Tā ngira)
Moko kauwae,Tā moko (Uhi)
Mokomoko,Ngārara
Mokopuna,Whānau
Momotuhi,Waka toi
Momotuhi,Whakairo
Monoao,Mauwha
Mōteatea,Mahi ā Rēhia
Mōteatea,Reo Māori
Mōteatea,Waiata koroua
Motuhuka,Hukapapa
Mouku,Huruhuru whenua
Mounu,Taputapu hī ika
Mu,Tukutuku
Muru,Tikanga tuku iho
Muru whenua,Muru
Muru whenua,Whenua
Nakunaku,Ara kai
Nanekoti,Koati
Nēhi,Kaimahi (Ora)
Nēhi,Mahi tapuhi
Neinei,Rākau whakauru
Neke,Tōanga waka
Ngā Pakanga Whenua o Mua,Pakanga
Ngā tae,Taiao
Ngā uri o Tangaroa,Pūtaiao
Ngahuru,Wāhanga o te tau
Ngaio,Rākau whakauru
Ngākaipikirau,Tā moko (Tā ngira)
Ngākaipikirau,Tā moko (Uhi)
Ngāngara,Ngārara
Ngārara,Pūtaiao
Ngārara pī,Rongoā whakairangi
Ngārara waewae-kore,Ngāngara
Ngaro,Aitanga pepeke
Ngāwhā,Waiariki
Ngeri,Waiata koroua
Ngeru,Mōkai
Ngirungiru,Manu ngahere
Ngohe,Ako
Ngōiro,Tuna
Ngūnga,Tā moko (Tā ngira)
Ngūnga,Tā moko (Uhi)
Nguru,Taonga pūoro
Ngutu pare,Manu ki tātahi
Niho taniwha,Tukutuku
Nīkau,Rākau whakauru
Niu,Tikanga
Noa,Tikanga
Noho-ā-iwi,Marau-ā-iwi
Noke,Ngārara waewae-kore
Nūpepa,Pāpāho
Nūpepa,Tuhinga kōrero
Ō kawekawe,Pūtaiao
Ōhākī,Reo Māori
Ōhākī,Tikanga
Ōhanga,Ohaoha
Ōhanga whanaketanga,Ōhanga
Ohaoha,
Ōi,Manu moana
Oioi,Whara
Onioni,Taihemahema
Ōpango,Whutupōro
Ora,Hauora
Ore-rākau a tū,Rākau ā Tū
Oriori,Waiata koroua
Oro puare,Mātauranga wetereo
Ōrokohanga o te ao,Atua
Ororeo,Mātauranga wetereo
Ororuarangi,Taonga pūoro
Otaota,Te Wao nui a Tāne
Otaota (Kai),Hua whenua
Otaota hāwere,Te Wao nui a Tāne
Otaota waimāori,Moana
Pā,Tāngata whenua
Pā (Hī ika),Taputapu hī ika
Pā punanga,Pā
Pā tūwatawata,Pā
Pā whutupāoro,Hākinakina
Pae pāpāho pāpori,Pāpāho
Pae tukutuku,Ipurangi
Paea,Ika moana
Paenga kōrero,Tuhinga kōrero
Paepae,Tā moko (Tā ngira)
Paepae,Tā moko (Uhi)
Paepae,Whare whakairo
Paewai,Waka
Pāhau kākāpo,Pūkohu
Pāhautea,Rākau whakakake
Pahikara,Hākinakina
Pahū,Taonga pūoro
Pahūtanga,Aituā (Taiao)
Pai Mārire,Hāhi Māori
Paihamu,Kararehe whāngote
Paihana,Mātauranga matū
Paihana ā kai,Take hauora
Paipera Tapu,Whakapono
Pakahā,Manu moana
Pākaiahi,Waka
Pakake,Whakairo
Pakanga,
Pakati,Whakairo
Pākau,Manu (Whakaraka)
Pākē,Whatu kākahu
Pākehā,Tauiwi
Pakeke,Whānau
Pakeke whai mātauranga,Mātauranga
Paki,Āhua-o-te-rangi
Pakihi,
Pakipūmeka,Pāpāho
Pakitara,Whare whakairo
Pakiwaitara,Tuhinga kōrero
Pakiwaituhi,Tuhinga kōrero
Pakokori,Waka
Pakura,Whakairo
Pākuru,Taonga pūoro
Paneke,Waka
Pāngarau,Pūtaiao
Pāniwhaniwha,Ika moana
Pānui pukapuka,Matareo
Pānui pukapuka,Tuhinga kōrero
Pānuitanga mate,Maimai aroha
Pānuitanga whakatairanga,Ao pāpāho
Pānuitanga whakatairanga,Pouaka whakaata
Pānuitanga whakatairanga,Reo irirangi
Pao,Waiata koroua
Pao,Whaikōrero
Pao mīere,Hāhi Māori
Papa,Whare whakairo
Pāpā,Whānau
Papa hokohoko,Hokohoko
Papa retireti,Hākinakina
Papa whenua,Pūtaiao
Pāpāho,
Papaka,Whare whakairo
Pāpaka,Ngā uri o Tangaroa
Papakāinga,Pā
Papakupu,Reo Māori
Papatūānuku,Atua
Parakaingaki,Tūkinotanga ā-taiao
Parāoa,Tunu kai
Parapara,Rākau whakaruruhau
Pararā,Manu moana
Pare,Whare whakairo
Pareārau,Whetū kōkori
Pāremata,Kāwanatanga
Pārera,Manu waimāori
Pārerarera,Otaota
Parore,Ika waitai
Pārurenga,Hara
Pārurenga,Muru
Pārurenga,Tūkinotanga
Pātaka,Whare
Pate,Rākau whakauru
Pāteke,Manu waimāori
Pātengi raraunga,Pāngarau
Pātere,Waiata koroua
Pātiki,Ika o ngā ngutu awa
Pātiki,Ika waitai
Pātītī,Whara
Pātōtara,Otaota
Patu,Rākau ā Tū
Patu ahi,Ratonga ahi
Patu onewa,Patu
Patu parāoa,Patu
Patu tamariki,Tūkinotanga
Pātuki,Rākau ā Tū
Patupaiarehe,Ao wairua
Pāua,Pūpū waitai
Pāwaha,Tā moko (Tā ngira)
Pāwaha,Tā moko (Uhi)
Peka ā waka,Otaota hāwere
Pekapeka,Kararehe whāngote
Pekapeka (Whakakai),Whakakai
Pēke,Pūtea
Pēpē,Whānau
Pepeha,Kōrero
Peruperu (Haka),Haka
Petako,Huruhuru whenua
Petako pāraharaha,Huruhuru whenua
Petako pāraharaha,Otaota hāwere
Petipeti,Kahungatanga
Pia,Kai
Pia mānuka,Mānuka
Pia mānuka,Wai honga
Pihareinga,Aitanga pepeke
Pihepihe,Pureke
Pīhuka,Taputapu hī ika
Pikopiko,Huruhuru whenua
Pikopiko (Kai),Kai
Pīngao,Whara
Pininga,Manga
Pipi,Ngā uri o Tangaroa
Pīpī heihei,Manu pāmu
Pīpipi,Manu ngahere
Pīpīwharauroa,Manu ngahere
Pirikahu,Otaota
Pirinoa,Otaota hāwere
Piripiri,Otaota
Pītau,Hua whenua
Piupiu,Whatu kākahu
Poaka,Kararehe whāngote
Poaka (Manu),Manu waimāori
Pōhā,Hinu kai
Pohewa,Hinengaro
Pohoriki,Manu waimāori
Pohowera,Manu ki tātahi
Pōhutukawa,Rākau whakaruruhau
Poi,Mahi ā Rēhia
Poi,Taonga pūoro
Poi tarawhiti,Hākinakina
Poiāwhiowhio,Taonga pūoro
Poihau wera,Waka
Poiwhana,Hākinakina
Pōkai ātea,Waka tuarangi
Pokotiwha,Manu moana
Ponaturi,Ao wairua
Ponga ihu,Taonga pūoro
Pongiangia,Tā moko (Tā ngira)
Pongiangia,Tā moko (Uhi)
Pōpokotea,Manu ngahere
Pora,Waka
Poraka,Aitanga pepeke
Pōrangi,Hauora hinengaro
Porokaiwhiri,Rākau whakauru
Poropiti,Hāhi Māori
Poroporo,Mauwha
Poroporoaki,Pōwhiri
Poroporoaki,Whaikōrero
Porotiti,Hauora
Porotiti,Taonga pūoro
Pōrutu,Taonga pūoro
Pōti whānui,Kōwhiringa pōti
Pōtitanga,Kōwhiringa pōti
Pōtitanga,Mana whakahaere
Pōtitanga ohorere Pāremata,Kōwhiringa pōti
Pou rāhui,Whenua rāhui
Pouaka whakaata,Pāpāho
Pounamu,Kōhatu
Poupou,Whare whakairo
Pōuri,Aronganui
Poutahuhu,Whare whakairo
Poutama,Tukutuku
Poutokomanawa,Whare whakairo
Poutoti,Mahi ā Rēhia
Poutuarongo,Whare whakairo
Pouwhenua,Rākau ā Tū
Pōwhiri,Kawa
Pōwhiri,Tikanga
Pū wairākau,Ahu māra
Puanga,Whetū
Pūhā,Otaota (Kai)
Pūhā pororua,Pūhā
Pūhā tiotio,Pūhā pororua
Pūharakeke,Tuna
Puhi,Wāhine
Puhi waka,Waka
Puhiariki,Waka taua
Puhirere,Waka
Pūhoro,Tā moko (Tā ngira)
Pūhoro,Tā moko (Uhi)
Puia kai,Tunu kai
Pūkaea,Taonga pūoro
Pūkana,Waiata ā ringa
Pukanui,Rākau whakauru
couldn't find 0xa0 in g0=66 g1=69,
Pukapuka kāhui kōrero,Tuhinga kōrero
Pukapuka whakaahua,Tuhinga kōrero
Pūkatokato,Aronganui
Pūkeko,Manu repo
Pūkengatanga,Mātauranga
Pūkohu,Te Wao nui a Tāne
Pūkōrero,Tāngata
Pūkoro,Tā moko (Tā ngira)
Pūkoro,Tā moko (Uhi)
Pūmanawa,Mana tangata
Pūmanawa tautono,Hangarau mōhiohio
Pūmoana,Taonga pūoro
Pūmotomoto,Taonga pūoro
Pūmotomoto,Whare whakairo
Pūmotu,Mātauranga matū
Pūmua,Wetereo
Pūmuri,Wetereo
Puna waimāori,Wai
Pūnaha arahau,Tinana
Pūnaha toto,Tinana
Pūnaha ture taihara,Ture
Punga (Waka),Waka
Pūngao,Pūtaiao
Pūngao hiko,Pūngao
Pūngao karihi,Pūngao
Pūngao kōmaru,Pūngao
Pūngao ngāwhā,Pūngao
Pungāwerewere,Aitanga pepeke
Pūoro,Mahi ā Rēhia
Pūoro,Waka toi
Pūoro ā rorohiko,Waka toi
Pūoro ataata,Kiriata
Pūoro ataata,Waiata
Pūoro reo,Taonga pūoro
Pūoro tene,Waka toi
Pūpakapaka,Taonga pūoro
Pūpū,Pūtaiao
Pūpū harakeke,Pūpū whenua
Pūpū harakeke (Taonga pūoro),Taonga pūoro
Pūpū kauri,Taonga pūoro
Pūpū rangi,Pūpū whenua
Pūpū waitai,Ngā uri o Tangaroa
Pūpū waitai,Pūpū
Pūpū whenua,Pūpū
Pūrākau,Tuhinga kōrero
Purapura whetū,Tukutuku
Pureke,Whatu kākahu
Pūrere,Waka
Pūrerehua,Aitanga pepeke
Pūrerehua (Taonga pūoro),Taonga pūoro
Pūriri,Rākau whakaruruhau
Pūrongorongo,Ao pāpāho
Pūru,Kararehe whāngote
Pūtaiao,
Pūtake,Hua whenua
Pūtangitangi,Manu waimāori
Putaputāwētā,Rākau whakauru
Pūtātara,Taonga pūoro
Pūtea,Umanga
Putiputi,Te Wao nui a Tāne
Pūtōrino,Taonga pūoro
Pūtoto,Manu repo
Rā,Whānau mārama
Rā whānau,Whānau (Wāhine)
Rahi,Pūtaiao
Rāhui,Kawa
Rāhui,Tikanga
Rākau ā Tū,Pakanga
Rākau whakakake,Te Wao nui a Tāne
Rākau whakaruruhau,Te Wao nui a Tāne
Rākau whakauru,Te Wao nui a Tāne
Rama tuna,Mahinga ika tūturu
Ramarama,Mauwha
Rangahau,Mātauranga
Rangahau Māori,Rangahau
Rangahau o te noho-ā-iwi,Rangahau
Rangamaro,Taua
Rangatira,Tāngata whenua
Rangatiratanga,Tikanga tuku iho
Rangimārie,Tikanga tuku iho
Ranginui,Atua
Rangiora,Mauwha
Rangitaki,Pae tukutuku
Ranguru,Manu moana
Raparapa,Whare whakairo
Rapuara,Ratonga ki te iwi
Rāpunga whakaaro,Pūtaiao
Rarā,Taonga pūoro
Raranga,Toi Māori
Raranga,Whare pora
Raranga kete,Raranga
Rārangi pouaka whakaata,Pouaka whakaata
Rarauhe,Huruhuru whenua
Rarohenga,Ao wairua
Rātā o Te Ika a Māui,Aka
Rātā o Te Ika a Māui,Rākau whakakake
Rātā Te Wai Pounamu,Aka
Rātā Te Wai Pounamu,Rākau whakakake
Rātāhuihui,Ika moana
Rātaka,Tuhinga kōrero
Rātana,Hāhi Māori
Ratonga,Hapori
Ratonga ahi,Ratonga
Ratonga ki te iwi,Ratonga
Rau,Te Wao nui a Tāne
Rauawa,Waka
Rauemi,Pūtaiao
Rauemi-ā-ipurangi,Ipurangi
Rauemi-ā-ipurangi,Rauemi
Rauhuia,Otaota
Raukawa,Rākau whakaruruhau
Raukūmara,Mauwha
Raukura,Manu
Raumati,Wāhanga o te tau
Raupatu,Tikanga
Raupeka,Otaota hāwere
Raupō,Otaota waimāori
Raupō,Whara
Raupō taranga,Whara
Raurau,Tā moko (Tā ngira)
Raurau,Tā moko (Uhi)
Rautaki,Kaupapa
Rautaki reo,Rautaki
Rautaki reo,Reo Māori
Rauwiringa tāpoi,Tāpoi
Rawa whakanao,Hua
Raweke ira tangata,Pūtaiao
Raweke tamariki,Tūkinotanga
Rāwhara,Waka
Rēhita ki te pōti,Pōtitanga
Rehu,Taonga pūoro
Rei puta,Whakakai
Remuremu,Otaota
Remuroa,Otaota
Reo-ā-iwi,Reo Māori
Reo irirangi,Pāpāho
Reo Māori,
Reorua,Reo Māori
Reremai,Ika moana
Rerenga kōrero,Reo Māori
Rerepehi,Tā moko (Tā ngira)
Rerepehi,Tā moko (Uhi)
Rērēwai,Otaota waimāori
Rerewhenua,Waka
Reta,Kōrero
Rēti whare,Whare noho
Retoreto,Otaota waimāori
Rewarewa,Rākau whakakake
Rewharewha,Mate urutā
Rīki,Hākinakina
Rimu,Rākau whakakake
Rimurapa,Rimutai
Rimurimu,Rimutai
Rimutai,Moana
Rimutai,Ngā uri o Tangaroa
Ringa kaha,Mana whenua
Ringatū,Hāhi Māori
Ringawera,Kaitūao
Riparipa,Tā moko (Tā ngira)
Riparipa,Tā moko (Uhi)
Riroriro,Manu ngahere
Ritenga,Tikanga
Rito nīkau,Hua whenua
Rito nīkau,Nīkau
Rito tī kōuka,Hua whenua
Rito tī kōuka,Tī kōuka
Rīwai,Pūtake
Rō,Aitanga pepeke
Rōia,Ture
Roimata toroa,Tukutuku
Rokiroki kai,Kai
Rona,Atua
Rongo,Whetū kōkori
Rongoā,Hauora
Rongoā whakairangi,Kahungatanga
Rongomatāne,Atua
Rongomatāne,Papatūānuku
Rongopai,Paipera Tapu
Rōpū Māori,Hapori
Rōpū tōrangapū,Tōrangapū
Roria,Taonga pūoro
Roro,Whare whakairo
Rorohiko,Hangarau
Rorohiko tākaro,Hangarau
Rotarota,Waiata koroua
Roto,Wai
Rū whenua,Aituā (Taiao)
Ruakapanga,Atua
Rūaumoko,Atua
Ruku,Hākinakina
Ruku kōura,Mahinga ika tūturu
Rūmātiki,Tahumaero
Runa,Otaota
Rūnanga ā-iwi,Iwi
Rūpahu,Kōrero
Ruri,Waiata koroua
Ruru,Manu ngahere
Super 10s whakataetae a rohe,Kapa haka
Super 12s whakataetae a motu,Kapa haka
Tā,Toi Māori
Tā moko (Tā ngira),Waka toi
Tā moko (Uhi),Uhi ā Mataora
Tā tuhi,Kōrero
Tahā huahua,Hinu kai
Taha moana,Moana
Tāhapa,Taua
Tāhere manu,Manu
Tāhiko,Ahupūngao
Tahua pūtea,Pūtea
Tāhuhu,Whare whakairo
Tahumaero,Mate rerekē
Taiaha,Rākau ā Tū
Taiao,
Taiapure,Ahumahi (Hī ika)
Taiapure,Taunga ika
Taihemahema,Tinana
Tāiko,Manu moana
Taiohi,Whānau
Taiohou,Tā moko (Tā ngira)
Taiohou,Tā moko (Uhi)
Taipūwhenuatanga,Tōrangapū
Taitamariki,Whānau
Taitōkai,Hara
Taitōkai,Tūkinotanga
Taitoto,Tā moko (Tā ngira)
Taitoto,Tā moko (Uhi)
Taiwhenua,Whenua
Takā,Waka
Taka tapui,Toi Māori
Takahe,Manu ngahere
Takahi,Waiata ā ringa
Takahikare,Manu moana
Tākapu,Manu moana
Tākaro,Mahi ā Rēhia
Takatāpui,Tāngata whenua
Takatāpuitanga,Tuakiri
Tākawa,Hua rākau
Tākawa,Kawakawa
Tāke,Ture o te Kāwanatanga
Take hauora,Hauora
Tāke hokohoko,Hokohoko
Taki o Autahi,Tātai whetū
Tākiato,Waka
Tākoha,Koha
Takurua,Wāhanga o te tau
Takurua (Whetū),Whetū
Tākuta,Kaimahi (Ora)
Takutai moana,Moana
Takutaku,Karakia
Tama-nui-te-rā,Atua
Tamāhine,Whānau
Tamariki,Whānau
Tamariki nohinohi,Whānau
Tame heihei,Manu pāmu
Tāmure,Ika waitai
Tāne,Tāngata whenua
Tāne-Rore,Atua
Tāne-te-waiora,Atua
Tānekaha,Rākau whakakake
Tānemāhuta,Atua
Tānetuarōria,Atua
Tānetuarōria (Taonga pūoro),Taonga pūoro
Tangaroa,Atua
Tangaroa (Whetū kōkori),Whetū kōkori
Tāngata,
Tāngata o Te Moana-nui-a-Kiwa,Iwi
Tāngata o Te Moana-nui-a-Kiwa,Tāngata
Tāngata whenua,
Tangihanga,Tikanga
Tango whakaahua,Whakaahua
Tāniko,Whatu
Taniwha,Ao wairua
Taniwha,Wairua
Taniwha (Whare whakairo),Whare whakairo
Taonga,
Taonga pūoro,Mahi ā Rēhia
Taonga whakatangitangi,Waka toi
Taotahi,Taputapu hī ika
Tapairu,Tāngata whenua
Tāpia,Otaota hāwere
Tāpoi,Ahumahi
Tapu,Tikanga tuku iho
Taputapu,Hangarau
Taputapu,Rauemi
Taputapu ahu whenua,Ahu māra
Taputapu ahu whenua,Taputapu
Taputapu hī ika,Hī ika
Taputapu hī ika,Taputapu
Tara,Manu ki tātahi
Taraire,Hua rākau
Taraire,Rākau whakakake
Tarakupenga,Mauwha
Taramea,Otaota
Tarāpunga,Manu ki tātahi
Tararā,Tauiwi
Tarata,Rākau whakaruruhau
Taratara-a-kai,Whakairo
Tarawhānui,Whare whakairo
Tārerarera,Rākau ā Tū
Tarewa,Whetū
Taro,Whara
Taru kino,Rongoā whakairangi
Tāruke,Ruku kōura
Tarutaru,Otaota
Tātai,Whakapapa
Tātai arorangi,Whānau mārama
Tātai whetū,Whānau mārama
Tātari raraunga,Pāngarau
Tātari whakatakotoranga reo,Reo Māori
Tatau,Whare whakairo
Tatau pounamu,Tikanga
Tatauranga,Pāngarau
Tatauranga taupori,Tatauranga
Tatauranga whānui,Tatauranga taupori
Tātua,Maro
Taua,Pakanga
Taua muru,Muru
Taua muru,Taua
Tauhinu korokio,Mauwha
Tauhokohoko,Umanga
Tauhokohoko-ā-ipurangi,Tauhokohoko
Tauhou,Manu ngahere
Tauihu,Waka
Tauira,Ako
Tauiwi,Tāngata
Taukumekume,Tautohetohe
Taumāhekeheke,Whakataetae
Taumau,Tikanga tuku iho
Taunahanahatanga,Tuakiri
Taunahanahatanga,Whenua
Taunga ika,Hī ika
Tauparapara,Karakia
Tauparapara,Whaikōrero
Taupatupatu,Tautohetohe
Taupori,Tāngata
Taura,Whatu
Taura waka,Taura
Taura waka,Waka
Tauranga (Waka),Waka
Taurapa,Waka
Taurekareka,Pakanga
Tautohetohe,Kōrero
Tautoru,Tātai whetū
Tawa,Hua rākau
Tawa,Rākau whakakake
Tawāpou,Rākau whakaruruhau
Tāwari,Rākau whakaruruhau
Tawatawa,Ika moana
Tāwhai,Rākau whakakake
Tāwhai pango,Rākau whakakake
Tāwhai raunui,Rākau whakakake
Tāwhaki,Atua
Tāwhiri,Rākau whakaruruhau
Tāwhirimātea,Atua
Te Ao Hurihuri,Ōrokohanga o te ao
Te Ao Tāwhito,Ōrokohanga o te ao
Te Awa Atua,Wāhine
Te mahana haere o te ao,Āhuarangi
Te Pakanga Tuatahi o Te Ao,Pakanga
Te tini whanaunga o ngahere,Mātauranga taupuhi kaiao
Te Waka o Tama-rereti,Tātai whetū
Te Wao nui a Tāne,Pūtaiao
Tekoteko,Whare whakairo
Tēnehi,Hākinakina
Tete,Rākau ā Tū
Tewhatewha,Rākau ā Tū
Tī,Rākau whakauru
Tī koraha,Tī
Tī koraha,Whara
Tī kōuka,Tī
Tī ngahere,Tī
Tī pore,Tī
Tī rākau,Whakaraka
Tī tōī,Tī
Tiakitanga,Tikanga tuku iho
Tieke,Manu ngahere
Tikanga,
Tikanga-ā-iwi,Tikanga tuku iho
Tikanga akuaku,Hauora tinana
Tikanga rua,Mātauranga hapori
Tikanga rua,Tiriti o Waitangi
Tikanga tangata,Ture
Tikanga tuku iho,
Tikanga tunu kai,Tunu kai
Timo,Rākau ā Tū
Tinana,Hauora tinana
Tinana,Tāngata
Tinihanga,Whanonga
Tino kounga o te whakahaere,Mahi whakahaere
Tino rangatiratanga,Tōrangapū
Tio,Pūtaiao
Tipa,Pūtaiao
Tipi,Rākau ā Tū
Tirairaka,Manu ngahere
Tiriti o Waitangi,Kāwanatanga
Tītī,Manu moana
Titi (Tā moko),Tā moko (Tā ngira)
Titi (Tā moko),Tā moko (Uhi)
Tītī tōrea,Whakaraka
Tītī wainui,Manu moana
Tititipounamu,Manu ngahere
Tītoki,Rākau whakaruruhau
Tītoko,Waka
Tiwhana,Tā moko (Tā ngira)
Tiwhana,Tā moko (Uhi)
Toa,Tāngata
Tōanga waka,Waka
Toetoe,Whara
Toetoe hūnangāmoho,Toetoe
Toetoe kiwi,Toetoe
Toetoe rara ngārara,Toetoe
Toetoe rautahi,Toetoe
Toetoe ūpokotangata,Toetoe
Toheroa,Ngā uri o Tangaroa
Tohi mātaitai,Mahinga ika tūturu
Tohitū whakanao,Hua
Tohorā,Wēra
Tohu,Mana tangata
Tohu mārie,Tikanga tuku iho
Tohu mātauranga,Mātauranga
Tohu mātauranga,Tohu
Tohu mātauranga,Whare wānanga
Tohu oro tāpara,Mātauranga wetereo
Tohu putanga,Mate
Tohunga,Māramatanga
Tohunga,Tāngata whenua
Tohunga ahurewa,Tohunga
Tohunga kēhua,Tohunga
Tohunga kōkōrangi,Tohunga
Tohunga mākutu,Tohunga
Tohunga matakite,Tohunga
Tohunga tā moko,Hunga mahi toi
Tohunga tā moko,Tohunga
Tohunga whakairo,Hunga mahi toi
Tohunga whakairo,Tohunga
Tohutohu whaiara,Tuhinga kōrero
Toi Māori,Mahi toi
Toi moko,Pūtaiao
Toi whakaari,Waka toi
Toka-ā-nuku,Pūtaiao
Tōkere,Taonga pūoro
Toki,Pakanga
Toki,Taputapu ahu whenua
Toki,Whakairo
Toko i te ora,Āhuatanga pāpori
Toko i te ora,Hauora whānau
Tokomatua,Āhuatanga pāpori
Tokoriro,Aitanga pepeke
Tokotoko,Rākau ā Tū
Tokotū,Waka
Tonga,Hau
Tongi,Whakatauākī
Tono,Karakia
Topuni,Kahu kuri
Tōrangapū,
Tōrea,Manu ki tātahi
Tōrea pango,Manu ki tātahi
Tōrehi,Kupenga
Tōriwha,Marama
Toroa ingoingo,Manu moana
Toroa pango,Manu moana
Toroī,Rokiroki kai
Tōtara,Rākau whakakake
Tōtara kōtukutuku,Rākau whakakake
Toutouwai,Manu ngahere
Tōwai,Rākau whakaruruhau
Tua taipūwhenuatanga,Mana motuhake
Tūāhu,Wāhi tapu
Tuakana-teina,Whānau
Tuakiri,Whakapapa
Tuakoka,Āhuatanga pāpori
Tuanui,Whare whakairo
Tuaroria,Taonga pūoro
Tuatara,Ngārara
Tuatua,Ngā uri o Tangaroa
Tūāwhiotanga whanonga ā-hinengaro,Tahumaero
Tuhinga auaha,Kōrero
Tuhinga kōrero,Kōrero
Tuhinga nā te hunga tamariki,Tuhinga kōrero
Tuhinga tawhito,Tuhinga kōrero
Tuhinga whakapae,Rangahau
Tuhinga whakapae,Tuhinga kōrero
Tūhua,Kōhatu
Tūhura,Haerenga
Tūhura,Rangahau
Tūi,Manu ngahere
Tūkinotanga,Mate rerekē
Tūkinotanga ā-taiao,Taiao
Tūkinotanga ā-whānau,Tūkinotanga
Tūkōrehu,Otaota
Tuku awhikiri,Hauora tinana
Tuku ratonga,Ratonga
Tuku whenua,Mana whenua
Tuku whenua,Tikanga
Tukutuku,Raranga
Tukutuku,Whare whakairo
Tūmatakōkiri,Atua
Tūmatauenga,Atua
Tumu kōrero,Kōrero
Tumutumu,Taonga pūoro
Tuna,Ika
Tungāne,Whānau
Tūngauru,Waka
Tunu kai,Kai
Tūpai,Atua
Tūpare,Mauwha
Tupari maunga,Toetoe
Tūponotanga,Pāngarau
Tūpuna,Tāngata whenua
Tūrangawaewae,Mana whenua
Ture,
Ture hākinakina,Ture
Ture hara,Ture
Ture kamupene,Ture
Ture kaupapa,Ture o te Kāwanatanga
Ture Kāwanatanga,Ture kaupapa
Ture mahi-ā-iwi,Ture
Ture o te Kāwanatanga,Ture
Ture putaiao,Ture
Ture putaiao-ā-iwi,Ture
Ture rēti whare,Ture
Ture tangata,Ture
Ture tuku taonga,Ture
Ture whānau,Ture
Ture whenua,Ture
Tūrepo,Mauwha
Turi,Hauātanga
Turuhi,Rākau ā Tū
Tutu (Mauwha),Mauwha
Tutu papa,Mauwha
Tutukiwi,Otaota
Tūtunāwai,Otaota waimāori
Tuturuatu,Manu ki tātahi
Ua,Āhua-o-te-rangi
Uenuku,Atua
Uhi ā Mataora,Toi Māori
Uira,Āhua-o-te-rangi
Uira,Atua
Uirere,Tā moko (Tā ngira)
Uirere,Tā moko (Uhi)
Uiuitanga,Kaikawe kōrero
Uiuitanga,Kōrero
Ūkaipō,Whānau (Wāhine)
Uma,Tā moko (Tā ngira)
Uma,Tā moko (Uhi)
Umanga,Ohaoha
Unaunahi,Whakairo
Ūnga waka,Waka
Ūpoko (Paipera Tapu),Paipera Tapu
Ūpokohue,Wēra
Urupā,Wāhi tapu
Utu,Pakanga
Utu,Tikanga tuku iho
Uwhi,Hua whenua
Uwhi,Otaota
Wae tāpoi,Tāpoi
Waerea,Karakia
Waerea,Pōwhiri
Waeroa,Aitanga pepeke
Waewae koukou,Otaota
Wahaika,Rākau ā Tū
Wāhanga o te tau,Whānau mārama
Wahapū,Awa
Wahapū,Moana
Waharoa,Pā
Wāhi tapu,Whenua
Wāhine,Tāngata whenua
Wahine matua,Wāhine
Wai,Pūtaiao
Wai harakeke,Harakeke
Wai harakeke,Rongoā
Wai honga,Kai
Wai honga,Wai
Wai kaihua,Rātā o Te Ika a Māui
Wai kaihua,Rātā Te Wai Pounamu
Wai kaihua,Wai honga
Wai kōrari,Harakeke
Wai kōrari,Wai honga
Wai Māori,Wai
Wai ngārahu,Wai
Wai rākau,Wai
Wai tai,Wai
Wai tapu,Wai
Wai tohu,Mana whakairo hinengaro
Wai whakataerangi,Wai rākau
Waiariki,Wai
Waiata,Mahi ā Rēhia
Waiata,Reo Māori
Waiata,Toi whakaari
Waiata ā ringa,Waiata
Waiata aroha,Mōteatea
Waiata koroua,Waiata
Waiata tangi,Mōteatea
Waiata tira,Kapa haka
Waiata tohutohu,Waiata
Waiata whaiāipo,Waiata koroua
Waihanga,Mātauranga
Waipuke,Aituā (Taiao)
Wairangi,Hauora hinengaro
Wairua,Tikanga tuku iho
Wairua (Tā moko),Tā moko (Tā ngira)
Wairua (Tā moko),Tā moko (Uhi)
Waituhi,Whakaahua
Waiū o kahukura,Otaota
Waka,
Waka (Whakapapa),Whakapapa
Waka ama,Waka
Waka ātea,Waka
Waka haumi,Waka
Waka hourua,Waka
Waka huia,Waka
Waka kererū,Waka
Waka kōmaru,Waka
Waka kōpako,Waka
Waka kōpiko tuaranga,Waka tuarangi
Waka kōtore puni,Waka
Waka mamaru,Waka
Waka pātua,Waka
Waka tangata,Waka
Waka taua,Waka
Waka taurua,Waka
Waka tētē,Waka
Waka tīwai,Waka
Waka toi,Mahi toi
Waka tuarangi,Waka
Waka tūpāpaku,Atamira
Waka tūpāpaku,Matenga
Waka tūpāpaku,Waka
Waka waituhi,Waka
Wānanga,Mātauranga
Wātene Māori,Mahi tūao
Wātene Māori,Ratonga
Wehi,Aronganui
Weka,Manu ngahere
Wēra,Kararehe whāngote
Wēra,Ngā uri o Tangaroa
Weri,Aitanga pepeke
Wero,Pōwhiri
Wētā,Aitanga pepeke
Wetereo,Reo Māori
Whai,Rotarota
Whai,Whakaraka
Whai (Ika),Ika waitai
Whaikōrero,Kōrero
Whaikōrero,Pōwhiri
Whaipara tangata,Pūtaiao
Whaitiri,Āhua-o-te-rangi
Whaitiri,Atua
Whaiwhai,Hākinakina
Whakaaetanga,Ture
Whakaahua,Waka toi
Whakaaotanga,Ōhanga
Whakaaturanga toi ataata,Whakaahua
Whakaaturanga toi ataata,Whare taonga
Whakaeke,Kapa haka
Whakahaere kaimahi,Mahi whakahaere
Whakahāwea iwi,Noho-ā-iwi
Whakahīhī,Hinengaro
Whakahua,Mātauranga wetereo
Whakairo,Whare whakairo
Whakakai,Mahi toi
Whakamāori,Reo Māori
Whakamātau hinengaro,Hauora hinengaro
Whakamātau hinengaro taiohi,Whakamātau hinengaro
Whakamātau hinengaro taitamariki,Whakamātau hinengaro
Whakamātau hinengaro tamariki,Whakamātau hinengaro
Whakangā,Āhuatanga ōhanga
Whakaora reo,Reo Māori
Whakaora tangata auheke,Hākinakina
Whakaora tangata auheke,Haumarutanga
Whakapakari ā-iwi,Iwi
Whakapakari ā-iwi,Tino rangatiratanga
Whakapapa,
Whakapau wā,Mahi whakahaere
Whakapono,
Whakaputa pukapuka,Kōrero
Whakaraka,Mahi ā Rēhia
Whakarato hokohoko kai,Hokohoko
Whakaritenga whakahaere,Mahi whakahaere
Whakataetae,Tākaro
Whakataetae-a-waka,Waka
Whakataetae-a-waka,Whakataetae
Whakataetae hōiho,Eke hōiho
Whakataetae hōiho,Hākinakina
Whakataetae manu kōrero,Whakataetae whaikōrero
Whakataetae whaikōrero,Whaikōrero
Whakataetae whaikōrero,Whakataetae
Whakataka,Mauwha
Whakatakoto tūpāpaku,Tangihanga
Whakatara,Tā moko (Tā ngira)
Whakatara,Tā moko (Uhi)
Whakatau,Kawa
Whakatau mauri,Tikanga
Whakatau take,Mahi whakaauraki
Whakatau take,Ture
Whakatauākī,Kōrero
Whakataukī,Kōrero
Whakatere waka hourua,Waka hourua
Whakawae,Whare whakairo
Whakawātea,Kapa haka
Whakawetitanga,Kanga
Whakawetitanga,Tūkinotanga
Whakawhiti huarahi,Haumaru huarahi
Whakawhitiwhitinga kōrero,Kōrero
Whanake taiao,Taiao
Whanaketanga,Pūtaiao
Whānau,Hapū
Whānau,Tāngata
Whānau (Wāhine),Hapū (Wāhine)
Whānau mārama,Ātea
Whānau pani,Tangihanga
Whanaungatanga,Hauora whānau
Whanaungatanga,Tikanga tuku iho
Whāngai,Whanaungatanga
Whanonga,Hinengaro
Whara,Te Wao nui a Tāne
Whare,Papakāinga
Whare herehere,Pūnaha ture taihara
Whare herehere,Whare
Whare hui,Whare
Whare kai,Whare
Whare karakia,Whakapono
Whare karakia,Whare
Whare mate,Whare
Whare noho,Whare
Whare nui,Whare
Whare pora,Whare
Whare pukapuka,Kōrero
Whare pukapuka,Rangahau
Whare tangata,Wāhine
Whare taonga,Whare
Whare tukunga kōrero,Kōrero
Whare tukunga kōrero,Rangahau
Whare tūpuna,Whare
Whare waka,Whare
Whare wānanga,Waihanga
Whare wānanga,Whare
Whare whakaaturanga kīrehe,Whare
Whare whakairo,Whare
Wharekohu,Rākau whakauru
Wharekura,Waihanga
Wharekura,Whare
Wharepuni,Whare
Whāriki,Raranga
Whāriki,Whare whakairo
Whāriki mo te mahau,Whāriki
Whāriki mo te papa i roto i te whare,Whāriki
Whāriki whakairo,Whāriki
Whāriki wharanui,Whāriki
Wharua,Tukutuku
Whatu,Raranga
Whatu kākahu,Kākahu
Whau,Rākau whakauru
Whekau,Manu ngahere
Whekau,Manu ngaro
Wheke,Ngā uri o Tangaroa
Whekī,Rākau whakaruruhau
Whekī ponga,Rākau whakaruruhau
Whenua,Pūtaiao
Whenua (Wāhine),Wāhine
Whenua rāhui,Rāhui
Whenua rāhui,Whenua
Whenua raupatu,Whenua
Whenua tautohetohe,Whenua
Whenua tupuna,Mana whenua
Whērangi,Whetū kōkori
Whetū,Whānau mārama
Whetū kōkori,Whānau mārama
Wheuwheu,Pūkohu
Whio,Manu waimāori
Whiri o raukatauri,Otaota hāwere
Whiro,Whetū kōkori
Whiwhinga mahi,Āhuatanga ōhanga
Whutupōro,Hākinakina
Wiki o te reo Māori,Reo Māori
Winika,Otaota hāwere
Wiri,Waiata ā ringa
Wīwī,Whara
Wīwī (Tauiwi),Tauiwi
